data,label
"[(0.30988768, 0.4042014), (0.20640498, 0.3714728), (0.31675255, 0.6052397), (0.18607037, 0.53559405), (0.26527846, 0.76923746), (0.13063459, 0.63947916), (0.21186931, 0.70330846), (0.12814137, 0.6624092), (0.19052963, 0.9745208), (0.0011024084, 0.7087831), (0.17979243, 0.99535555), (0.015875518, 0.9579737)]",Y
"[(0.30815002, 0.4088216), (0.2080738, 0.37171704), (0.31784084, 0.6038981), (0.1847554, 0.5357437), (0.26481265, 0.7661115), (0.13178867, 0.6278306), (0.20998043, 0.70313513), (0.12388453, 0.662639), (0.19287841, 0.95742357), (0.00044869795, 0.7085064), (0.18538609, 0.99511635), (0.0109020565, 0.96643215)]",Y
